{"count":1,"self":51.446512,"total":51.785906999999995,"children":{"InitializeActuators":{"count":1,"self":0.0019951,"total":0.0019951,"children":null},"InitializeSensors":{"count":1,"self":0.0019944999999999997,"total":0.0019944999999999997,"children":null},"AgentSendState":{"count":1600,"self":0.0079078,"total":0.023837499999999998,"children":{"CollectObservations":{"count":320,"self":0.0039613999999999995,"total":0.0039613999999999995,"children":null},"WriteActionMask":{"count":320,"self":0.00099739999999999985,"total":0.00099739999999999985,"children":null},"RequestDecision":{"count":320,"self":0.010970899999999999,"total":0.010970899999999999,"children":null}}},"DecideAction":{"count":1600,"self":0.2756065,"total":0.2756065,"children":null},"AgentAct":{"count":1600,"self":0.0349321,"total":0.0349321,"children":null}},"gauges":{"RollerAgent.CumulativeReward":{"count":11,"max":6.95,"min":5.92,"runningAverage":6.039091,"value":5.95,"weightedAverage":5.964344}},"metadata":{"timer_format_version":"0.1.0","start_time_seconds":"1658207093","unity_version":"2021.3.1f1","command_line_arguments":"C:\\Program Files\\Unity\\Hub\\Editor\\2021.3.1f1\\Editor\\Unity.exe -projectpath D:\\Projects\\MLClass\\RollerAgent -useHub -hubIPC -cloudEnvironment production -licensingIpc LicenseClient-1905-044 -hubSessionId 0c7db3e0-0584-11ed-9395-e3705816ec47 -accessToken uIs3WdYkAdxwwCRINnTTftxhJkP5_Y_4QyZhi9rolIM00df","communication_protocol_version":"1.5.0","com.unity.ml-agents_version":"2.0.1","scene_name":"Class1 1","end_time_seconds":"1658207144"}}